"module name","license","repository"
"@babel/code-frame@7.10.4","MIT","https://github.com/babel/babel"
"@babel/compat-data@7.10.5","MIT","https://github.com/babel/babel"
"@babel/core@7.10.5","MIT","https://github.com/babel/babel"
"@babel/generator@7.10.5","MIT","https://github.com/babel/babel"
"@babel/helper-annotate-as-pure@7.10.4","MIT","https://github.com/babel/babel"
"@babel/helper-builder-binary-assignment-operator-visitor@7.10.4","MIT","https://github.com/babel/babel"
"@babel/helper-builder-react-jsx-experimental@7.10.5","MIT","https://github.com/babel/babel"
"@babel/helper-builder-react-jsx@7.10.4","MIT","https://github.com/babel/babel"
"@babel/helper-compilation-targets@7.10.4","MIT","https://github.com/babel/babel"
"@babel/helper-create-class-features-plugin@7.10.5","MIT","https://github.com/babel/babel"
"@babel/helper-create-regexp-features-plugin@7.10.4","MIT","https://github.com/babel/babel"
"@babel/helper-define-map@7.10.5","MIT","https://github.com/babel/babel"
"@babel/helper-explode-assignable-expression@7.10.4","MIT","https://github.com/babel/babel"
"@babel/helper-function-name@7.10.4","MIT","https://github.com/babel/babel"
"@babel/helper-get-function-arity@7.10.4","MIT","https://github.com/babel/babel"
"@babel/helper-hoist-variables@7.10.4","MIT","https://github.com/babel/babel"
"@babel/helper-member-expression-to-functions@7.10.5","MIT","https://github.com/babel/babel"
"@babel/helper-module-imports@7.10.4","MIT","https://github.com/babel/babel"
"@babel/helper-module-transforms@7.10.5","MIT","https://github.com/babel/babel"
"@babel/helper-optimise-call-expression@7.10.4","MIT","https://github.com/babel/babel"
"@babel/helper-plugin-utils@7.10.4","MIT","https://github.com/babel/babel"
"@babel/helper-regex@7.10.5","MIT","https://github.com/babel/babel"
"@babel/helper-remap-async-to-generator@7.10.4","MIT","https://github.com/babel/babel"
"@babel/helper-replace-supers@7.10.4","MIT","https://github.com/babel/babel"
"@babel/helper-simple-access@7.10.4","MIT","https://github.com/babel/babel"
"@babel/helper-split-export-declaration@7.10.4","MIT","https://github.com/babel/babel"
"@babel/helper-validator-identifier@7.10.4","MIT","https://github.com/babel/babel"
"@babel/helper-wrap-function@7.10.4","MIT","https://github.com/babel/babel"
"@babel/helpers@7.10.4","MIT","https://github.com/babel/babel"
"@babel/highlight@7.10.4","MIT","https://github.com/babel/babel"
"@babel/parser@7.10.5","MIT","https://github.com/babel/babel"
"@babel/plugin-proposal-async-generator-functions@7.10.5","MIT","https://github.com/babel/babel"
"@babel/plugin-proposal-class-properties@7.10.4","MIT","https://github.com/babel/babel"
"@babel/plugin-proposal-dynamic-import@7.10.4","MIT","https://github.com/babel/babel"
"@babel/plugin-proposal-json-strings@7.10.4","MIT","https://github.com/babel/babel"
"@babel/plugin-proposal-nullish-coalescing-operator@7.10.4","MIT","https://github.com/babel/babel"
"@babel/plugin-proposal-numeric-separator@7.10.4","MIT","https://github.com/babel/babel"
"@babel/plugin-proposal-object-rest-spread@7.10.4","MIT","https://github.com/babel/babel"
"@babel/plugin-proposal-optional-catch-binding@7.10.4","MIT","https://github.com/babel/babel"
"@babel/plugin-proposal-optional-chaining@7.10.4","MIT","https://github.com/babel/babel"
"@babel/plugin-proposal-private-methods@7.10.4","MIT","https://github.com/babel/babel"
"@babel/plugin-proposal-unicode-property-regex@7.10.4","MIT","https://github.com/babel/babel"
"@babel/plugin-syntax-async-generators@7.8.4","MIT","https://github.com/babel/babel/tree/master/packages/babel-plugin-syntax-async-generators"
"@babel/plugin-syntax-bigint@7.8.3","MIT","https://github.com/babel/babel/tree/master/packages/babel-plugin-syntax-bigint"
"@babel/plugin-syntax-class-properties@7.10.4","MIT","https://github.com/babel/babel"
"@babel/plugin-syntax-dynamic-import@7.8.3","MIT","https://github.com/babel/babel/tree/master/packages/babel-plugin-syntax-dynamic-import"
"@babel/plugin-syntax-import-meta@7.10.4","MIT","https://github.com/babel/babel"
"@babel/plugin-syntax-json-strings@7.8.3","MIT","https://github.com/babel/babel/tree/master/packages/babel-plugin-syntax-json-strings"
"@babel/plugin-syntax-jsx@7.10.4","MIT","https://github.com/babel/babel"
"@babel/plugin-syntax-logical-assignment-operators@7.10.4","MIT","https://github.com/babel/babel"
"@babel/plugin-syntax-nullish-coalescing-operator@7.8.3","MIT","https://github.com/babel/babel/tree/master/packages/babel-plugin-syntax-nullish-coalescing-operator"
"@babel/plugin-syntax-numeric-separator@7.10.4","MIT","https://github.com/babel/babel"
"@babel/plugin-syntax-object-rest-spread@7.8.3","MIT","https://github.com/babel/babel/tree/master/packages/babel-plugin-syntax-object-rest-spread"
"@babel/plugin-syntax-optional-catch-binding@7.8.3","MIT","https://github.com/babel/babel/tree/master/packages/babel-plugin-syntax-optional-catch-binding"
"@babel/plugin-syntax-optional-chaining@7.8.3","MIT","https://github.com/babel/babel/tree/master/packages/babel-plugin-syntax-optional-chaining"
"@babel/plugin-syntax-top-level-await@7.10.4","MIT","https://github.com/babel/babel"
"@babel/plugin-transform-arrow-functions@7.10.4","MIT","https://github.com/babel/babel"
"@babel/plugin-transform-async-to-generator@7.10.4","MIT","https://github.com/babel/babel"
"@babel/plugin-transform-block-scoped-functions@7.10.4","MIT","https://github.com/babel/babel"
"@babel/plugin-transform-block-scoping@7.10.5","MIT","https://github.com/babel/babel"
"@babel/plugin-transform-classes@7.10.4","MIT","https://github.com/babel/babel"
"@babel/plugin-transform-computed-properties@7.10.4","MIT","https://github.com/babel/babel"
"@babel/plugin-transform-destructuring@7.10.4","MIT","https://github.com/babel/babel"
"@babel/plugin-transform-dotall-regex@7.10.4","MIT","https://github.com/babel/babel"
"@babel/plugin-transform-duplicate-keys@7.10.4","MIT","https://github.com/babel/babel"
"@babel/plugin-transform-exponentiation-operator@7.10.4","MIT","https://github.com/babel/babel"
"@babel/plugin-transform-for-of@7.10.4","MIT","https://github.com/babel/babel"
"@babel/plugin-transform-function-name@7.10.4","MIT","https://github.com/babel/babel"
"@babel/plugin-transform-literals@7.10.4","MIT","https://github.com/babel/babel"
"@babel/plugin-transform-member-expression-literals@7.10.4","MIT","https://github.com/babel/babel"
"@babel/plugin-transform-modules-amd@7.10.5","MIT","https://github.com/babel/babel"
"@babel/plugin-transform-modules-commonjs@7.10.4","MIT","https://github.com/babel/babel"
"@babel/plugin-transform-modules-systemjs@7.10.5","MIT","https://github.com/babel/babel"
"@babel/plugin-transform-modules-umd@7.10.4","MIT","https://github.com/babel/babel"
"@babel/plugin-transform-named-capturing-groups-regex@7.10.4","MIT","https://github.com/babel/babel"
"@babel/plugin-transform-new-target@7.10.4","MIT","https://github.com/babel/babel"
"@babel/plugin-transform-object-super@7.10.4","MIT","https://github.com/babel/babel"
"@babel/plugin-transform-parameters@7.10.5","MIT","https://github.com/babel/babel"
"@babel/plugin-transform-property-literals@7.10.4","MIT","https://github.com/babel/babel"
"@babel/plugin-transform-react-display-name@7.10.4","MIT","https://github.com/babel/babel"
"@babel/plugin-transform-react-jsx-development@7.10.4","MIT","https://github.com/babel/babel"
"@babel/plugin-transform-react-jsx-self@7.10.4","MIT","https://github.com/babel/babel"
"@babel/plugin-transform-react-jsx-source@7.10.5","MIT","https://github.com/babel/babel"
"@babel/plugin-transform-react-jsx@7.10.4","MIT","https://github.com/babel/babel"
"@babel/plugin-transform-react-pure-annotations@7.10.4","MIT","https://github.com/babel/babel"
"@babel/plugin-transform-regenerator@7.10.4","MIT","https://github.com/babel/babel"
"@babel/plugin-transform-reserved-words@7.10.4","MIT","https://github.com/babel/babel"
"@babel/plugin-transform-runtime@7.10.5","MIT","https://github.com/babel/babel"
"@babel/plugin-transform-shorthand-properties@7.10.4","MIT","https://github.com/babel/babel"
"@babel/plugin-transform-spread@7.10.4","MIT","https://github.com/babel/babel"
"@babel/plugin-transform-sticky-regex@7.10.4","MIT","https://github.com/babel/babel"
"@babel/plugin-transform-template-literals@7.10.5","MIT","https://github.com/babel/babel"
"@babel/plugin-transform-typeof-symbol@7.10.4","MIT","https://github.com/babel/babel"
"@babel/plugin-transform-unicode-escapes@7.10.4","MIT","https://github.com/babel/babel"
"@babel/plugin-transform-unicode-regex@7.10.4","MIT","https://github.com/babel/babel"
"@babel/preset-env@7.10.4","MIT","https://github.com/babel/babel"
"@babel/preset-modules@0.1.3","MIT",""
"@babel/preset-react@7.10.4","MIT","https://github.com/babel/babel"
"@babel/runtime@7.10.5","MIT","https://github.com/babel/babel"
"@babel/template@7.10.4","MIT","https://github.com/babel/babel"
"@babel/traverse@7.10.5","MIT","https://github.com/babel/babel"
"@babel/types@7.10.5","MIT","https://github.com/babel/babel"
"@cnakazawa/watch@1.0.4","Apache-2.0","https://github.com/mikeal/watch"
"@emotion/hash@0.8.0","MIT","https://github.com/emotion-js/emotion/tree/master/packages/hash"
"@istanbuljs/load-nyc-config@1.1.0","ISC","https://github.com/istanbuljs/load-nyc-config"
"@istanbuljs/schema@0.1.2","MIT","https://github.com/istanbuljs/schema"
"@jest/console@24.9.0","MIT","https://github.com/facebook/jest"
"@jest/core@24.9.0","MIT","https://github.com/facebook/jest"
"@jest/environment@24.9.0","MIT","https://github.com/facebook/jest"
"@jest/fake-timers@24.9.0","MIT","https://github.com/facebook/jest"
"@jest/reporters@24.9.0","MIT","https://github.com/facebook/jest"
"@jest/source-map@24.9.0","MIT","https://github.com/facebook/jest"
"@jest/test-result@24.9.0","MIT","https://github.com/facebook/jest"
"@jest/test-sequencer@24.9.0","MIT","https://github.com/facebook/jest"
"@jest/transform@24.9.0","MIT","https://github.com/facebook/jest"
"@jest/transform@25.5.1","MIT","https://github.com/facebook/jest"
"@jest/types@24.9.0","MIT","https://github.com/facebook/jest"
"@jest/types@25.5.0","MIT","https://github.com/facebook/jest"
"@material-ui/core@4.11.0","MIT","https://github.com/mui-org/material-ui"
"@material-ui/styles@4.10.0","MIT","https://github.com/mui-org/material-ui"
"@material-ui/system@4.9.14","MIT","https://github.com/mui-org/material-ui"
"@material-ui/types@5.1.0","MIT","https://github.com/mui-org/material-ui"
"@material-ui/utils@4.10.2","MIT","https://github.com/mui-org/material-ui"
"@types/babel__core@7.1.9","MIT","https://github.com/DefinitelyTyped/DefinitelyTyped"
"@types/babel__generator@7.6.1","MIT","https://github.com/DefinitelyTyped/DefinitelyTyped"
"@types/babel__template@7.0.2","MIT","https://github.com/DefinitelyTyped/DefinitelyTyped"
"@types/babel__traverse@7.0.13","MIT","https://github.com/DefinitelyTyped/DefinitelyTyped"
"@types/color-name@1.1.1","MIT","https://github.com/DefinitelyTyped/DefinitelyTyped"
"@types/graceful-fs@4.1.3","MIT","https://github.com/DefinitelyTyped/DefinitelyTyped"
"@types/istanbul-lib-coverage@2.0.3","MIT","https://github.com/DefinitelyTyped/DefinitelyTyped"
"@types/istanbul-lib-report@3.0.0","MIT","https://github.com/DefinitelyTyped/DefinitelyTyped"
"@types/istanbul-reports@1.1.2","MIT","https://github.com/DefinitelyTyped/DefinitelyTyped"
"@types/json-schema@7.0.5","MIT","https://github.com/DefinitelyTyped/DefinitelyTyped"
"@types/node@14.0.24","MIT","https://github.com/DefinitelyTyped/DefinitelyTyped"
"@types/prop-types@15.7.3","MIT","https://github.com/DefinitelyTyped/DefinitelyTyped"
"@types/react-transition-group@4.4.0","MIT","https://github.com/DefinitelyTyped/DefinitelyTyped"
"@types/react@16.9.43","MIT","https://github.com/DefinitelyTyped/DefinitelyTyped"
"@types/stack-utils@1.0.1","MIT","https://github.com/DefinitelyTyped/DefinitelyTyped"
"@types/yargs-parser@15.0.0","MIT","https://github.com/DefinitelyTyped/DefinitelyTyped"
"@types/yargs@13.0.9","MIT","https://github.com/DefinitelyTyped/DefinitelyTyped"
"@types/yargs@15.0.5","MIT","https://github.com/DefinitelyTyped/DefinitelyTyped"
"@webassemblyjs/ast@1.9.0","MIT","https://github.com/xtuc/webassemblyjs"
"@webassemblyjs/floating-point-hex-parser@1.9.0","MIT","https://github.com/xtuc/webassemblyjs"
"@webassemblyjs/helper-api-error@1.9.0","MIT",""
"@webassemblyjs/helper-buffer@1.9.0","MIT","https://github.com/xtuc/webassemblyjs"
"@webassemblyjs/helper-code-frame@1.9.0","MIT","https://github.com/xtuc/webassemblyjs"
"@webassemblyjs/helper-fsm@1.9.0","ISC",""
"@webassemblyjs/helper-module-context@1.9.0","MIT","https://github.com/xtuc/webassemblyjs"
"@webassemblyjs/helper-wasm-bytecode@1.9.0","MIT","https://github.com/xtuc/webassemblyjs"
"@webassemblyjs/helper-wasm-section@1.9.0","MIT","https://github.com/xtuc/webassemblyjs"
"@webassemblyjs/ieee754@1.9.0","MIT",""
"@webassemblyjs/leb128@1.9.0","MIT",""
"@webassemblyjs/utf8@1.9.0","MIT","https://github.com/xtuc/webassemblyjs"
"@webassemblyjs/wasm-edit@1.9.0","MIT","https://github.com/xtuc/webassemblyjs"
"@webassemblyjs/wasm-gen@1.9.0","MIT","https://github.com/xtuc/webassemblyjs"
"@webassemblyjs/wasm-opt@1.9.0","MIT","https://github.com/xtuc/webassemblyjs"
"@webassemblyjs/wasm-parser@1.9.0","MIT","https://github.com/xtuc/webassemblyjs"
"@webassemblyjs/wast-parser@1.9.0","MIT","https://github.com/xtuc/webassemblyjs"
"@webassemblyjs/wast-printer@1.9.0","MIT","https://github.com/xtuc/webassemblyjs"
"@xtuc/ieee754@1.2.0","BSD-3-Clause","https://github.com/feross/ieee754"
"@xtuc/long@4.2.2","Apache-2.0","https://github.com/dcodeIO/long.js"
"abab@2.0.3","BSD-3-Clause","https://github.com/jsdom/abab"
"acorn-globals@4.3.4","MIT","https://github.com/ForbesLindesay/acorn-globals"
"acorn-walk@6.2.0","MIT","https://github.com/acornjs/acorn"
"acorn@5.7.4","MIT","https://github.com/acornjs/acorn"
"acorn@6.4.1","MIT","https://github.com/acornjs/acorn"
"ajv-errors@1.0.1","MIT","https://github.com/epoberezkin/ajv-errors"
"ajv-keywords@3.5.1","MIT","https://github.com/epoberezkin/ajv-keywords"
"ajv@6.12.3","MIT","https://github.com/ajv-validator/ajv"
"ansi-escapes@3.2.0","MIT","https://github.com/sindresorhus/ansi-escapes"
"ansi-regex@3.0.0","MIT","https://github.com/chalk/ansi-regex"
"ansi-regex@4.1.0","MIT","https://github.com/chalk/ansi-regex"
"ansi-styles@3.2.1","MIT","https://github.com/chalk/ansi-styles"
"ansi-styles@4.2.1","MIT","https://github.com/chalk/ansi-styles"
"anymatch@2.0.0","ISC","https://github.com/micromatch/anymatch"
"anymatch@3.1.1","ISC","https://github.com/micromatch/anymatch"
"aproba@1.2.0","ISC","https://github.com/iarna/aproba"
"argparse@1.0.10","MIT","https://github.com/nodeca/argparse"
"arr-diff@4.0.0","MIT","https://github.com/jonschlinkert/arr-diff"
"arr-flatten@1.1.0","MIT","https://github.com/jonschlinkert/arr-flatten"
"arr-union@3.1.0","MIT","https://github.com/jonschlinkert/arr-union"
"array-equal@1.0.0","MIT","https://github.com/component/array-equal"
"array-unique@0.3.2","MIT","https://github.com/jonschlinkert/array-unique"
"asn1.js@4.10.1","MIT","https://github.com/indutny/asn1.js"
"asn1@0.2.4","MIT","https://github.com/joyent/node-asn1"
"assert-plus@1.0.0","MIT","https://github.com/mcavage/node-assert-plus"
"assert@1.5.0","MIT","https://github.com/browserify/commonjs-assert"
"assign-symbols@1.0.0","MIT","https://github.com/jonschlinkert/assign-symbols"
"astral-regex@1.0.0","MIT","https://github.com/kevva/astral-regex"
"async-each@1.0.3","MIT","https://github.com/paulmillr/async-each"
"async-limiter@1.0.1","MIT","https://github.com/strml/async-limiter"
"asynckit@0.4.0","MIT","https://github.com/alexindigo/asynckit"
"atob@2.1.2","(MIT OR Apache-2.0)","git://git.coolaj86.com/coolaj86/atob.js"
"aws-sign2@0.7.0","Apache-2.0","https://github.com/mikeal/aws-sign"
"aws4@1.10.0","MIT","https://github.com/mhart/aws4"
"babel-jest@24.9.0","MIT","https://github.com/facebook/jest"
"babel-jest@25.5.1","MIT","https://github.com/facebook/jest"
"babel-loader@8.1.0","MIT","https://github.com/babel/babel-loader"
"babel-plugin-dynamic-import-node@2.3.3","MIT","https://github.com/airbnb/babel-plugin-dynamic-import-node"
"babel-plugin-istanbul@5.2.0","BSD-3-Clause","https://github.com/istanbuljs/babel-plugin-istanbul"
"babel-plugin-istanbul@6.0.0","BSD-3-Clause","https://github.com/istanbuljs/babel-plugin-istanbul"
"babel-plugin-jest-hoist@24.9.0","MIT","https://github.com/facebook/jest"
"babel-plugin-jest-hoist@25.5.0","MIT","https://github.com/facebook/jest"
"babel-preset-current-node-syntax@0.1.3","MIT","https://github.com/nicolo-ribaudo/babel-preset-current-node-syntax"
"babel-preset-jest@24.9.0","MIT","https://github.com/facebook/jest"
"babel-preset-jest@25.5.0","MIT","https://github.com/facebook/jest"
"balanced-match@1.0.0","MIT","https://github.com/juliangruber/balanced-match"
"base64-js@1.3.1","MIT","https://github.com/beatgammit/base64-js"
"base@0.11.2","MIT","https://github.com/node-base/base"
"bcrypt-pbkdf@1.0.2","BSD-3-Clause","https://github.com/joyent/node-bcrypt-pbkdf"
"big.js@5.2.2","MIT","https://github.com/MikeMcl/big.js"
"binary-extensions@1.13.1","MIT","https://github.com/sindresorhus/binary-extensions"
"binary-extensions@2.1.0","MIT","https://github.com/sindresorhus/binary-extensions"
"bluebird@3.7.2","MIT","https://github.com/petkaantonov/bluebird"
"bn.js@4.11.9","MIT","https://github.com/indutny/bn.js"
"bn.js@5.1.2","MIT","https://github.com/indutny/bn.js"
"brace-expansion@1.1.11","MIT","https://github.com/juliangruber/brace-expansion"
"braces@2.3.2","MIT","https://github.com/micromatch/braces"
"braces@3.0.2","MIT","https://github.com/micromatch/braces"
"brorand@1.1.0","MIT","https://github.com/indutny/brorand"
"browser-process-hrtime@1.0.0","BSD-2-Clause","https://github.com/kumavis/browser-process-hrtime"
"browser-resolve@1.11.3","MIT","https://github.com/shtylman/node-browser-resolve"
"browserify-aes@1.2.0","MIT","https://github.com/crypto-browserify/browserify-aes"
"browserify-cipher@1.0.1","MIT","https://github.com/crypto-browserify/browserify-cipher"
"browserify-des@1.0.2","MIT","https://github.com/crypto-browserify/browserify-des"
"browserify-rsa@4.0.1","MIT","https://github.com/crypto-browserify/browserify-rsa"
"browserify-sign@4.2.0","ISC","https://github.com/crypto-browserify/browserify-sign"
"browserify-zlib@0.2.0","MIT","https://github.com/devongovett/browserify-zlib"
"browserslist@4.13.0","MIT","https://github.com/browserslist/browserslist"
"bser@2.1.1","Apache-2.0","https://github.com/facebook/watchman"
"buffer-from@1.1.1","MIT","https://github.com/LinusU/buffer-from"
"buffer-xor@1.0.3","MIT","https://github.com/crypto-browserify/buffer-xor"
"buffer@4.9.2","MIT","https://github.com/feross/buffer"
"builtin-status-codes@3.0.0","MIT","https://github.com/bendrucker/builtin-status-codes"
"cacache@12.0.4","ISC","https://github.com/npm/cacache"
"cache-base@1.0.1","MIT","https://github.com/jonschlinkert/cache-base"
"callsites@3.1.0","MIT","https://github.com/sindresorhus/callsites"
"camelcase@5.3.1","MIT","https://github.com/sindresorhus/camelcase"
"caniuse-lite@1.0.30001104","CC-BY-4.0","https://github.com/ben-eb/caniuse-lite"
"capture-exit@2.0.0","ISC","https://github.com/stefanpenner/capture-exit"
"caseless@0.12.0","Apache-2.0","https://github.com/mikeal/caseless"
"chalk@2.4.2","MIT","https://github.com/chalk/chalk"
"chalk@3.0.0","MIT","https://github.com/chalk/chalk"
"chokidar@2.1.8","MIT","https://github.com/paulmillr/chokidar"
"chokidar@3.4.1","MIT","https://github.com/paulmillr/chokidar"
"chownr@1.1.4","ISC","https://github.com/isaacs/chownr"
"chrome-trace-event@1.0.2","MIT","github.com:samccone/chrome-trace-event"
"ci-info@2.0.0","MIT","https://github.com/watson/ci-info"
"cipher-base@1.0.4","MIT","https://github.com/crypto-browserify/cipher-base"
"class-utils@0.3.6","MIT","https://github.com/jonschlinkert/class-utils"
"cliui@5.0.0","ISC","https://github.com/yargs/cliui"
"clsx@1.1.1","MIT","https://github.com/lukeed/clsx"
"co@4.6.0","MIT","https://github.com/tj/co"
"collection-visit@1.0.0","MIT","https://github.com/jonschlinkert/collection-visit"
"color-convert@1.9.3","MIT","https://github.com/Qix-/color-convert"
"color-convert@2.0.1","MIT","https://github.com/Qix-/color-convert"
"color-name@1.1.3","MIT","https://github.com/dfcreative/color-name"
"color-name@1.1.4","MIT","https://github.com/colorjs/color-name"
"combined-stream@1.0.8","MIT","https://github.com/felixge/node-combined-stream"
"commander@2.20.3","MIT","https://github.com/tj/commander.js"
"commondir@1.0.1","MIT","https://github.com/substack/node-commondir"
"component-emitter@1.3.0","MIT","https://github.com/component/emitter"
"concat-map@0.0.1","MIT","https://github.com/substack/node-concat-map"
"concat-stream@1.6.2","MIT","https://github.com/maxogden/concat-stream"
"console-browserify@1.2.0","MIT","https://github.com/browserify/console-browserify"
"constants-browserify@1.0.0","MIT","https://github.com/juliangruber/constants-browserify"
"convert-source-map@1.7.0","MIT","https://github.com/thlorenz/convert-source-map"
"copy-concurrently@1.0.5","ISC","https://github.com/npm/copy-concurrently"
"copy-descriptor@0.1.1","MIT","https://github.com/jonschlinkert/copy-descriptor"
"core-js-compat@3.6.5","MIT","https://github.com/zloirock/core-js"
"core-util-is@1.0.2","MIT","https://github.com/isaacs/core-util-is"
"create-ecdh@4.0.3","MIT","https://github.com/crypto-browserify/createECDH"
"create-hash@1.2.0","MIT","https://github.com/crypto-browserify/createHash"
"create-hmac@1.1.7","MIT","https://github.com/crypto-browserify/createHmac"
"cross-spawn@6.0.5","MIT","https://github.com/moxystudio/node-cross-spawn"
"crypto-browserify@3.12.0","MIT","https://github.com/crypto-browserify/crypto-browserify"
"css-vendor@2.0.8","MIT","https://github.com/cssinjs/css-vendor"
"cssom@0.3.8","MIT","https://github.com/NV/CSSOM"
"cssstyle@1.4.0","MIT","https://github.com/jsakas/CSSStyleDeclaration"
"csstype@2.6.11","MIT","https://github.com/frenic/csstype"
"cyclist@1.0.1","MIT","https://github.com/mafintosh/cyclist"
"dashdash@1.14.1","MIT","https://github.com/trentm/node-dashdash"
"data-urls@1.1.0","MIT","https://github.com/jsdom/data-urls"
"debug@2.6.9","MIT","https://github.com/visionmedia/debug"
"debug@4.1.1","MIT","https://github.com/visionmedia/debug"
"decamelize@1.2.0","MIT","https://github.com/sindresorhus/decamelize"
"decode-uri-component@0.2.0","MIT","https://github.com/SamVerschueren/decode-uri-component"
"deep-is@0.1.3","MIT","https://github.com/thlorenz/deep-is"
"define-properties@1.1.3","MIT","https://github.com/ljharb/define-properties"
"define-property@0.2.5","MIT","https://github.com/jonschlinkert/define-property"
"define-property@1.0.0","MIT","https://github.com/jonschlinkert/define-property"
"define-property@2.0.2","MIT","https://github.com/jonschlinkert/define-property"
"delayed-stream@1.0.0","MIT","https://github.com/felixge/node-delayed-stream"
"des.js@1.0.1","MIT","https://github.com/indutny/des.js"
"detect-file@1.0.0","MIT","https://github.com/doowb/detect-file"
"detect-newline@2.1.0","MIT","https://github.com/sindresorhus/detect-newline"
"diff-sequences@24.9.0","MIT","https://github.com/facebook/jest"
"diffie-hellman@5.0.3","MIT","https://github.com/crypto-browserify/diffie-hellman"
"dom-helpers@5.1.4","MIT","https://github.com/react-bootstrap/dom-helpers"
"domain-browser@1.2.0","MIT","https://github.com/bevry/domain-browser"
"domexception@1.0.1","MIT","https://github.com/jsdom/domexception"
"duplexify@3.7.1","MIT","https://github.com/mafintosh/duplexify"
"ecc-jsbn@0.1.2","MIT","https://github.com/quartzjer/ecc-jsbn"
"electron-to-chromium@1.3.502","ISC","https://github.com/kilian/electron-to-chromium"
"elliptic@6.5.3","MIT","https://github.com/indutny/elliptic"
"emoji-regex@7.0.3","MIT","https://github.com/mathiasbynens/emoji-regex"
"emojis-list@3.0.0","MIT","https://github.com/kikobeats/emojis-list"
"end-of-stream@1.4.4","MIT","https://github.com/mafintosh/end-of-stream"
"enhanced-resolve@4.3.0","MIT","https://github.com/webpack/enhanced-resolve"
"errno@0.1.7","MIT","https://github.com/rvagg/node-errno"
"error-ex@1.3.2","MIT","https://github.com/qix-/node-error-ex"
"es-abstract@1.17.6","MIT","https://github.com/ljharb/es-abstract"
"es-to-primitive@1.2.1","MIT","https://github.com/ljharb/es-to-primitive"
"escalade@3.0.2","MIT","https://github.com/lukeed/escalade"
"escape-string-regexp@1.0.5","MIT","https://github.com/sindresorhus/escape-string-regexp"
"escodegen@1.14.3","BSD-2-Clause","https://github.com/estools/escodegen"
"eslint-scope@4.0.3","BSD-2-Clause","https://github.com/eslint/eslint-scope"
"esprima@4.0.1","BSD-2-Clause","https://github.com/jquery/esprima"
"esrecurse@4.2.1","BSD-2-Clause","https://github.com/estools/esrecurse"
"estraverse@4.3.0","BSD-2-Clause","https://github.com/estools/estraverse"
"esutils@2.0.3","BSD-2-Clause","https://github.com/estools/esutils"
"events@3.1.0","MIT","https://github.com/Gozala/events"
"evp_bytestokey@1.0.3","MIT","https://github.com/crypto-browserify/EVP_BytesToKey"
"exec-sh@0.3.4","MIT","https://github.com/tsertkov/exec-sh"
"execa@1.0.0","MIT","https://github.com/sindresorhus/execa"
"exit@0.1.2","MIT","https://github.com/cowboy/node-exit"
"expand-brackets@2.1.4","MIT","https://github.com/jonschlinkert/expand-brackets"
"expand-tilde@2.0.2","MIT","https://github.com/jonschlinkert/expand-tilde"
"expect@24.9.0","MIT","https://github.com/facebook/jest"
"extend-shallow@2.0.1","MIT","https://github.com/jonschlinkert/extend-shallow"
"extend-shallow@3.0.2","MIT","https://github.com/jonschlinkert/extend-shallow"
"extend@3.0.2","MIT","https://github.com/justmoon/node-extend"
"extglob@2.0.4","MIT","https://github.com/micromatch/extglob"
"extsprintf@1.3.0","MIT","https://github.com/davepacheco/node-extsprintf"
"fast-deep-equal@3.1.3","MIT","https://github.com/epoberezkin/fast-deep-equal"
"fast-json-stable-stringify@2.1.0","MIT","https://github.com/epoberezkin/fast-json-stable-stringify"
"fast-levenshtein@2.0.6","MIT","https://github.com/hiddentao/fast-levenshtein"
"fb-watchman@2.0.1","Apache-2.0","https://github.com/facebook/watchman"
"figgy-pudding@3.5.2","ISC","https://github.com/npm/figgy-pudding"
"fill-range@4.0.0","MIT","https://github.com/jonschlinkert/fill-range"
"fill-range@7.0.1","MIT","https://github.com/jonschlinkert/fill-range"
"find-cache-dir@2.1.0","MIT","https://github.com/avajs/find-cache-dir"
"find-up@3.0.0","MIT","https://github.com/sindresorhus/find-up"
"find-up@4.1.0","MIT","https://github.com/sindresorhus/find-up"
"findup-sync@3.0.0","MIT","https://github.com/gulpjs/findup-sync"
"flush-write-stream@1.1.1","MIT","https://github.com/mafintosh/flush-write-stream"
"for-in@1.0.2","MIT","https://github.com/jonschlinkert/for-in"
"forever-agent@0.6.1","Apache-2.0","https://github.com/mikeal/forever-agent"
"form-data@2.3.3","MIT","https://github.com/form-data/form-data"
"fragment-cache@0.2.1","MIT","https://github.com/jonschlinkert/fragment-cache"
"from2@2.3.0","MIT","https://github.com/hughsk/from2"
"fs-write-stream-atomic@1.0.10","ISC","https://github.com/npm/fs-write-stream-atomic"
"fs.realpath@1.0.0","ISC","https://github.com/isaacs/fs.realpath"
"function-bind@1.1.1","MIT","https://github.com/Raynos/function-bind"
"gensync@1.0.0-beta.1","MIT",""
"get-caller-file@2.0.5","ISC","https://github.com/stefanpenner/get-caller-file"
"get-package-type@0.1.0","MIT","https://github.com/cfware/get-package-type"
"get-stream@4.1.0","MIT","https://github.com/sindresorhus/get-stream"
"get-value@2.0.6","MIT","https://github.com/jonschlinkert/get-value"
"getpass@0.1.7","MIT","https://github.com/arekinath/node-getpass"
"glob-parent@3.1.0","ISC","https://github.com/es128/glob-parent"
"glob-parent@5.1.1","ISC","https://github.com/gulpjs/glob-parent"
"glob@7.1.6","ISC","https://github.com/isaacs/node-glob"
"global-modules@1.0.0","MIT","https://github.com/jonschlinkert/global-modules"
"global-modules@2.0.0","MIT","https://github.com/jonschlinkert/global-modules"
"global-prefix@1.0.2","MIT","https://github.com/jonschlinkert/global-prefix"
"global-prefix@3.0.0","MIT","https://github.com/jonschlinkert/global-prefix"
"globals@11.12.0","MIT","https://github.com/sindresorhus/globals"
"graceful-fs@4.2.4","ISC","https://github.com/isaacs/node-graceful-fs"
"growly@1.3.0","MIT","https://github.com/theabraham/growly"
"har-schema@2.0.0","ISC","https://github.com/ahmadnassri/har-schema"
"har-validator@5.1.3","MIT","https://github.com/ahmadnassri/node-har-validator"
"has-flag@3.0.0","MIT","https://github.com/sindresorhus/has-flag"
"has-flag@4.0.0","MIT","https://github.com/sindresorhus/has-flag"
"has-symbols@1.0.1","MIT","https://github.com/ljharb/has-symbols"
"has-value@0.3.1","MIT","https://github.com/jonschlinkert/has-value"
"has-value@1.0.0","MIT","https://github.com/jonschlinkert/has-value"
"has-values@0.1.4","MIT","https://github.com/jonschlinkert/has-values"
"has-values@1.0.0","MIT","https://github.com/jonschlinkert/has-values"
"has@1.0.3","MIT","https://github.com/tarruda/has"
"hash-base@3.1.0","MIT","https://github.com/crypto-browserify/hash-base"
"hash.js@1.1.7","MIT","https://github.com/indutny/hash.js"
"hmac-drbg@1.0.1","MIT","https://github.com/indutny/hmac-drbg"
"hoist-non-react-statics@3.3.2","BSD-3-Clause","https://github.com/mridgway/hoist-non-react-statics"
"homedir-polyfill@1.0.3","MIT","https://github.com/doowb/homedir-polyfill"
"hosted-git-info@2.8.8","ISC","https://github.com/npm/hosted-git-info"
"html-encoding-sniffer@1.0.2","MIT","https://github.com/jsdom/html-encoding-sniffer"
"html-escaper@2.0.2","MIT","https://github.com/WebReflection/html-escaper"
"http-signature@1.2.0","MIT","https://github.com/joyent/node-http-signature"
"https-browserify@1.0.0","MIT","https://github.com/substack/https-browserify"
"hyphenate-style-name@1.0.4","BSD-3-Clause","https://github.com/rexxars/hyphenate-style-name"
"iconv-lite@0.4.24","MIT","https://github.com/ashtuchkin/iconv-lite"
"ieee754@1.1.13","BSD-3-Clause","https://github.com/feross/ieee754"
"iferr@0.1.5","MIT","https://github.com/shesek/iferr"
"import-local@2.0.0","MIT","https://github.com/sindresorhus/import-local"
"imurmurhash@0.1.4","MIT","https://github.com/jensyt/imurmurhash-js"
"infer-owner@1.0.4","ISC","https://github.com/npm/infer-owner"
"inflight@1.0.6","ISC","https://github.com/npm/inflight"
"inherits@2.0.1","ISC","https://github.com/isaacs/inherits"
"inherits@2.0.3","ISC","https://github.com/isaacs/inherits"
"inherits@2.0.4","ISC","https://github.com/isaacs/inherits"
"ini@1.3.5","ISC","https://github.com/isaacs/ini"
"interpret@1.4.0","MIT","https://github.com/gulpjs/interpret"
"invariant@2.2.4","MIT","https://github.com/zertosh/invariant"
"is-accessor-descriptor@0.1.6","MIT","https://github.com/jonschlinkert/is-accessor-descriptor"
"is-accessor-descriptor@1.0.0","MIT","https://github.com/jonschlinkert/is-accessor-descriptor"
"is-arrayish@0.2.1","MIT","https://github.com/qix-/node-is-arrayish"
"is-binary-path@1.0.1","MIT","https://github.com/sindresorhus/is-binary-path"
"is-binary-path@2.1.0","MIT","https://github.com/sindresorhus/is-binary-path"
"is-buffer@1.1.6","MIT","https://github.com/feross/is-buffer"
"is-callable@1.2.0","MIT","https://github.com/ljharb/is-callable"
"is-ci@2.0.0","MIT","https://github.com/watson/is-ci"
"is-data-descriptor@0.1.4","MIT","https://github.com/jonschlinkert/is-data-descriptor"
"is-data-descriptor@1.0.0","MIT","https://github.com/jonschlinkert/is-data-descriptor"
"is-date-object@1.0.2","MIT","https://github.com/ljharb/is-date-object"
"is-descriptor@0.1.6","MIT","https://github.com/jonschlinkert/is-descriptor"
"is-descriptor@1.0.2","MIT","https://github.com/jonschlinkert/is-descriptor"
"is-extendable@0.1.1","MIT","https://github.com/jonschlinkert/is-extendable"
"is-extendable@1.0.1","MIT","https://github.com/jonschlinkert/is-extendable"
"is-extglob@2.1.1","MIT","https://github.com/jonschlinkert/is-extglob"
"is-fullwidth-code-point@2.0.0","MIT","https://github.com/sindresorhus/is-fullwidth-code-point"
"is-generator-fn@2.1.0","MIT","https://github.com/sindresorhus/is-generator-fn"
"is-glob@3.1.0","MIT","https://github.com/jonschlinkert/is-glob"
"is-glob@4.0.1","MIT","https://github.com/micromatch/is-glob"
"is-in-browser@1.1.3","MIT","https://github.com/tuxsudo/is-in-browser"
"is-number@3.0.0","MIT","https://github.com/jonschlinkert/is-number"
"is-number@7.0.0","MIT","https://github.com/jonschlinkert/is-number"
"is-plain-object@2.0.4","MIT","https://github.com/jonschlinkert/is-plain-object"
"is-regex@1.1.0","MIT","https://github.com/ljharb/is-regex"
"is-stream@1.1.0","MIT","https://github.com/sindresorhus/is-stream"
"is-symbol@1.0.3","MIT","https://github.com/inspect-js/is-symbol"
"is-typedarray@1.0.0","MIT","https://github.com/hughsk/is-typedarray"
"is-windows@1.0.2","MIT","https://github.com/jonschlinkert/is-windows"
"is-wsl@1.1.0","MIT","https://github.com/sindresorhus/is-wsl"
"isarray@1.0.0","MIT","https://github.com/juliangruber/isarray"
"isexe@2.0.0","ISC","https://github.com/isaacs/isexe"
"isobject@2.1.0","MIT","https://github.com/jonschlinkert/isobject"
"isobject@3.0.1","MIT","https://github.com/jonschlinkert/isobject"
"isstream@0.1.2","MIT","https://github.com/rvagg/isstream"
"istanbul-lib-coverage@2.0.5","BSD-3-Clause","https://github.com/istanbuljs/istanbuljs"
"istanbul-lib-coverage@3.0.0","BSD-3-Clause","https://github.com/istanbuljs/istanbuljs"
"istanbul-lib-instrument@3.3.0","BSD-3-Clause","https://github.com/istanbuljs/istanbuljs"
"istanbul-lib-instrument@4.0.3","BSD-3-Clause","https://github.com/istanbuljs/istanbuljs"
"istanbul-lib-report@2.0.8","BSD-3-Clause","https://github.com/istanbuljs/istanbuljs"
"istanbul-lib-source-maps@3.0.6","BSD-3-Clause","https://github.com/istanbuljs/istanbuljs"
"istanbul-reports@2.2.7","BSD-3-Clause","https://github.com/istanbuljs/istanbuljs"
"jest-changed-files@24.9.0","MIT","https://github.com/facebook/jest"
"jest-cli@24.9.0","MIT","https://github.com/facebook/jest"
"jest-config@24.9.0","MIT","https://github.com/facebook/jest"
"jest-diff@24.9.0","MIT","https://github.com/facebook/jest"
"jest-docblock@24.9.0","MIT","https://github.com/facebook/jest"
"jest-each@24.9.0","MIT","https://github.com/facebook/jest"
"jest-environment-jsdom@24.9.0","MIT","https://github.com/facebook/jest"
"jest-environment-node@24.9.0","MIT","https://github.com/facebook/jest"
"jest-get-type@24.9.0","MIT","https://github.com/facebook/jest"
"jest-haste-map@24.9.0","MIT","https://github.com/facebook/jest"
"jest-haste-map@25.5.1","MIT","https://github.com/facebook/jest"
"jest-jasmine2@24.9.0","MIT","https://github.com/facebook/jest"
"jest-leak-detector@24.9.0","MIT","https://github.com/facebook/jest"
"jest-matcher-utils@24.9.0","MIT","https://github.com/facebook/jest"
"jest-message-util@24.9.0","MIT","https://github.com/facebook/jest"
"jest-mock@24.9.0","MIT","https://github.com/facebook/jest"
"jest-pnp-resolver@1.2.2","MIT","https://github.com/arcanis/jest-pnp-resolver"
"jest-regex-util@24.9.0","MIT","https://github.com/facebook/jest"
"jest-regex-util@25.2.6","MIT","https://github.com/facebook/jest"
"jest-resolve-dependencies@24.9.0","MIT","https://github.com/facebook/jest"
"jest-resolve@24.9.0","MIT","https://github.com/facebook/jest"
"jest-runner@24.9.0","MIT","https://github.com/facebook/jest"
"jest-runtime@24.9.0","MIT","https://github.com/facebook/jest"
"jest-serializer@24.9.0","MIT","https://github.com/facebook/jest"
"jest-serializer@25.5.0","MIT","https://github.com/facebook/jest"
"jest-snapshot@24.9.0","MIT","https://github.com/facebook/jest"
"jest-util@24.9.0","MIT","https://github.com/facebook/jest"
"jest-util@25.5.0","MIT","https://github.com/facebook/jest"
"jest-validate@24.9.0","MIT","https://github.com/facebook/jest"
"jest-watcher@24.9.0","MIT","https://github.com/facebook/jest"
"jest-worker@24.9.0","MIT","https://github.com/facebook/jest"
"jest-worker@25.5.0","MIT","https://github.com/facebook/jest"
"jest@24.9.0","MIT","https://github.com/facebook/jest"
"js-tokens@4.0.0","MIT","https://github.com/lydell/js-tokens"
"js-yaml@3.14.0","MIT","https://github.com/nodeca/js-yaml"
"jsbn@0.1.1","MIT","https://github.com/andyperlitch/jsbn"
"jsdom@11.12.0","MIT","https://github.com/jsdom/jsdom"
"jsesc@0.5.0","MIT","https://github.com/mathiasbynens/jsesc"
"jsesc@2.5.2","MIT","https://github.com/mathiasbynens/jsesc"
"json-parse-better-errors@1.0.2","MIT","https://github.com/zkat/json-parse-better-errors"
"json-schema-traverse@0.4.1","MIT","https://github.com/epoberezkin/json-schema-traverse"
"json-schema@0.2.3","AFLv2.1,BSD","https://github.com/kriszyp/json-schema"
"json-stringify-safe@5.0.1","ISC","https://github.com/isaacs/json-stringify-safe"
"json5@1.0.1","MIT","https://github.com/json5/json5"
"json5@2.1.3","MIT","https://github.com/json5/json5"
"jsprim@1.4.1","MIT","https://github.com/joyent/node-jsprim"
"jss-plugin-camel-case@10.3.0","MIT","https://github.com/cssinjs/jss"
"jss-plugin-default-unit@10.3.0","MIT","https://github.com/cssinjs/jss"
"jss-plugin-global@10.3.0","MIT","https://github.com/cssinjs/jss"
"jss-plugin-nested@10.3.0","MIT","https://github.com/cssinjs/jss"
"jss-plugin-props-sort@10.3.0","MIT","https://github.com/cssinjs/jss"
"jss-plugin-rule-value-function@10.3.0","MIT","https://github.com/cssinjs/jss"
"jss-plugin-vendor-prefixer@10.3.0","MIT","https://github.com/cssinjs/jss"
"jss@10.3.0","MIT","https://github.com/cssinjs/jss"
"jwt-decode@2.2.0","MIT","https://github.com/auth0/jwt-decode"
"kind-of@3.2.2","MIT","https://github.com/jonschlinkert/kind-of"
"kind-of@4.0.0","MIT","https://github.com/jonschlinkert/kind-of"
"kind-of@5.1.0","MIT","https://github.com/jonschlinkert/kind-of"
"kind-of@6.0.3","MIT","https://github.com/jonschlinkert/kind-of"
"kleur@3.0.3","MIT","https://github.com/lukeed/kleur"
"left-pad@1.3.0","WTFPL","https://github.com/stevemao/left-pad"
"leven@3.1.0","MIT","https://github.com/sindresorhus/leven"
"levenary@1.1.1","MIT","https://github.com/tanhauhau/levenary"
"levn@0.3.0","MIT","https://github.com/gkz/levn"
"load-json-file@4.0.0","MIT","https://github.com/sindresorhus/load-json-file"
"loader-runner@2.4.0","MIT","https://github.com/webpack/loader-runner"
"loader-utils@1.4.0","MIT","https://github.com/webpack/loader-utils"
"locate-path@3.0.0","MIT","https://github.com/sindresorhus/locate-path"
"locate-path@5.0.0","MIT","https://github.com/sindresorhus/locate-path"
"lodash.sortby@4.7.0","MIT","https://github.com/lodash/lodash"
"lodash@4.17.19","MIT","https://github.com/lodash/lodash"
"loose-envify@1.4.0","MIT","https://github.com/zertosh/loose-envify"
"lru-cache@5.1.1","ISC","https://github.com/isaacs/node-lru-cache"
"make-dir@2.1.0","MIT","https://github.com/sindresorhus/make-dir"
"make-dir@3.1.0","MIT","https://github.com/sindresorhus/make-dir"
"makeerror@1.0.11","BSD-3-Clause","https://github.com/daaku/nodejs-makeerror"
"map-cache@0.2.2","MIT","https://github.com/jonschlinkert/map-cache"
"map-visit@1.0.0","MIT","https://github.com/jonschlinkert/map-visit"
"md5.js@1.3.5","MIT","https://github.com/crypto-browserify/md5.js"
"memory-fs@0.4.1","MIT","https://github.com/webpack/memory-fs"
"memory-fs@0.5.0","MIT","https://github.com/webpack/memory-fs"
"merge-stream@2.0.0","MIT","https://github.com/grncdr/merge-stream"
"micromatch@3.1.10","MIT","https://github.com/micromatch/micromatch"
"micromatch@4.0.2","MIT","https://github.com/micromatch/micromatch"
"miller-rabin@4.0.1","MIT","https://github.com/indutny/miller-rabin"
"mime-db@1.44.0","MIT","https://github.com/jshttp/mime-db"
"mime-types@2.1.27","MIT","https://github.com/jshttp/mime-types"
"mime@2.4.6","MIT","https://github.com/broofa/mime"
"minimalistic-assert@1.0.1","ISC","https://github.com/calvinmetcalf/minimalistic-assert"
"minimalistic-crypto-utils@1.0.1","MIT","https://github.com/indutny/minimalistic-crypto-utils"
"minimatch@3.0.4","ISC","https://github.com/isaacs/minimatch"
"minimist@1.2.5","MIT","https://github.com/substack/minimist"
"mississippi@3.0.0","BSD-2-Clause","https://github.com/maxogden/mississippi"
"mixin-deep@1.3.2","MIT","https://github.com/jonschlinkert/mixin-deep"
"mkdirp@0.5.5","MIT","https://github.com/substack/node-mkdirp"
"monet@0.9.1","MIT","https://github.com/monet/monet.js"
"mov-fe-lib-core@1.0.1","ISC","git://bitbucket.org/robosavvy/mov-fe-lib-core"
"move-concurrently@1.0.1","ISC","https://github.com/npm/move-concurrently"
"ms@2.0.0","MIT","https://github.com/zeit/ms"
"ms@2.1.2","MIT","https://github.com/zeit/ms"
"nanomatch@1.2.13","MIT","https://github.com/micromatch/nanomatch"
"natural-compare@1.4.0","MIT","https://github.com/litejs/natural-compare-lite"
"neo-async@2.6.2","MIT","https://github.com/suguru03/neo-async"
"nice-try@1.0.5","MIT","https://github.com/electerious/nice-try"
"node-int64@0.4.0","MIT","https://github.com/broofa/node-int64"
"node-libs-browser@2.2.1","MIT","https://github.com/webpack/node-libs-browser"
"node-modules-regexp@1.0.0","MIT","https://github.com/jamestalmage/node-modules-regexp"
"node-notifier@5.4.3","MIT","https://github.com/mikaelbr/node-notifier"
"node-releases@1.1.59","MIT","https://github.com/chicoxyzzy/node-releases"
"normalize-package-data@2.5.0","BSD-2-Clause","https://github.com/npm/normalize-package-data"
"normalize-path@2.1.1","MIT","https://github.com/jonschlinkert/normalize-path"
"normalize-path@3.0.0","MIT","https://github.com/jonschlinkert/normalize-path"
"npm-run-path@2.0.2","MIT","https://github.com/sindresorhus/npm-run-path"
"nwsapi@2.2.0","MIT","https://github.com/dperini/nwsapi"
"oauth-sign@0.9.0","Apache-2.0","https://github.com/mikeal/oauth-sign"
"object-assign@4.1.1","MIT","https://github.com/sindresorhus/object-assign"
"object-copy@0.1.0","MIT","https://github.com/jonschlinkert/object-copy"
"object-inspect@1.8.0","MIT","https://github.com/inspect-js/object-inspect"
"object-keys@1.1.1","MIT","https://github.com/ljharb/object-keys"
"object-visit@1.0.1","MIT","https://github.com/jonschlinkert/object-visit"
"object.assign@4.1.0","MIT","https://github.com/ljharb/object.assign"
"object.getownpropertydescriptors@2.1.0","MIT","https://github.com/es-shims/object.getownpropertydescriptors"
"object.pick@1.3.0","MIT","https://github.com/jonschlinkert/object.pick"
"once@1.4.0","ISC","https://github.com/isaacs/once"
"optionator@0.8.3","MIT","https://github.com/gkz/optionator"
"os-browserify@0.3.0","MIT","https://github.com/CoderPuppy/os-browserify"
"p-each-series@1.0.0","MIT","https://github.com/sindresorhus/p-each-series"
"p-finally@1.0.0","MIT","https://github.com/sindresorhus/p-finally"
"p-limit@2.3.0","MIT","https://github.com/sindresorhus/p-limit"
"p-locate@3.0.0","MIT","https://github.com/sindresorhus/p-locate"
"p-locate@4.1.0","MIT","https://github.com/sindresorhus/p-locate"
"p-reduce@1.0.0","MIT","https://github.com/sindresorhus/p-reduce"
"p-try@2.2.0","MIT","https://github.com/sindresorhus/p-try"
"pako@1.0.11","(MIT AND Zlib)","https://github.com/nodeca/pako"
"parallel-transform@1.2.0","MIT","https://github.com/mafintosh/parallel-transform"
"parse-asn1@5.1.5","ISC","https://github.com/crypto-browserify/parse-asn1"
"parse-json@4.0.0","MIT","https://github.com/sindresorhus/parse-json"
"parse-passwd@1.0.0","MIT","https://github.com/doowb/parse-passwd"
"parse5@4.0.0","MIT","https://github.com/inikulin/parse5"
"pascalcase@0.1.1","MIT","https://github.com/jonschlinkert/pascalcase"
"path-browserify@0.0.1","MIT","https://github.com/substack/path-browserify"
"path-dirname@1.0.2","MIT","https://github.com/es128/path-dirname"
"path-exists@3.0.0","MIT","https://github.com/sindresorhus/path-exists"
"path-exists@4.0.0","MIT","https://github.com/sindresorhus/path-exists"
"path-is-absolute@1.0.1","MIT","https://github.com/sindresorhus/path-is-absolute"
"path-key@2.0.1","MIT","https://github.com/sindresorhus/path-key"
"path-parse@1.0.6","MIT","https://github.com/jbgutierrez/path-parse"
"path-type@3.0.0","MIT","https://github.com/sindresorhus/path-type"
"pbkdf2@3.1.1","MIT","https://github.com/crypto-browserify/pbkdf2"
"performance-now@2.1.0","MIT","https://github.com/braveg1rl/performance-now"
"picomatch@2.2.2","MIT","https://github.com/micromatch/picomatch"
"pify@3.0.0","MIT","https://github.com/sindresorhus/pify"
"pify@4.0.1","MIT","https://github.com/sindresorhus/pify"
"pirates@4.0.1","MIT","https://github.com/ariporad/pirates"
"pkg-dir@3.0.0","MIT","https://github.com/sindresorhus/pkg-dir"
"pn@1.1.0","MIT","https://github.com/cscott/node-pn"
"popper.js@1.16.1-lts","MIT","https://github.com/FezVrasta/popper.js"
"posix-character-classes@0.1.1","MIT","https://github.com/jonschlinkert/posix-character-classes"
"prelude-ls@1.1.2","MIT","https://github.com/gkz/prelude-ls"
"pretty-format@24.9.0","MIT","https://github.com/facebook/jest"
"process-nextick-args@2.0.1","MIT","https://github.com/calvinmetcalf/process-nextick-args"
"process@0.11.10","MIT","https://github.com/shtylman/node-process"
"promise-inflight@1.0.1","ISC","https://github.com/iarna/promise-inflight"
"prompts@2.3.2","MIT","https://github.com/terkelg/prompts"
"prop-types@15.7.2","MIT","https://github.com/facebook/prop-types"
"prr@1.0.1","MIT","https://github.com/rvagg/prr"
"psl@1.8.0","MIT","https://github.com/lupomontero/psl"
"public-encrypt@4.0.3","MIT","https://github.com/crypto-browserify/publicEncrypt"
"pump@2.0.1","MIT","https://github.com/mafintosh/pump"
"pump@3.0.0","MIT","https://github.com/mafintosh/pump"
"pumpify@1.5.1","MIT","https://github.com/mafintosh/pumpify"
"punycode@1.3.2","MIT","https://github.com/bestiejs/punycode.js"
"punycode@1.4.1","MIT","https://github.com/bestiejs/punycode.js"
"punycode@2.1.1","MIT","https://github.com/bestiejs/punycode.js"
"qs@6.5.2","BSD-3-Clause","https://github.com/ljharb/qs"
"querystring-es3@0.2.1","MIT","https://github.com/mike-spainhower/querystring"
"querystring@0.2.0","MIT","https://github.com/Gozala/querystring"
"randombytes@2.1.0","MIT","https://github.com/crypto-browserify/randombytes"
"randomfill@1.0.4","MIT","https://github.com/crypto-browserify/randomfill"
"react-is@16.13.1","MIT","https://github.com/facebook/react"
"react-transition-group@4.4.1","BSD-3-Clause","https://github.com/reactjs/react-transition-group"
"read-pkg-up@4.0.0","MIT","https://github.com/sindresorhus/read-pkg-up"
"read-pkg@3.0.0","MIT","https://github.com/sindresorhus/read-pkg"
"readable-stream@2.3.7","MIT","https://github.com/nodejs/readable-stream"
"readable-stream@3.6.0","MIT","https://github.com/nodejs/readable-stream"
"readdirp@2.2.1","MIT","https://github.com/paulmillr/readdirp"
"readdirp@3.4.0","MIT","https://github.com/paulmillr/readdirp"
"realpath-native@1.1.0","MIT","https://github.com/SimenB/realpath-native"
"realpath-native@2.0.0","MIT","https://github.com/SimenB/realpath-native"
"regenerate-unicode-properties@8.2.0","MIT","https://github.com/mathiasbynens/regenerate-unicode-properties"
"regenerate@1.4.1","MIT","https://github.com/mathiasbynens/regenerate"
"regenerator-runtime@0.13.5","MIT","https://github.com/facebook/regenerator/tree/master/packages/regenerator-runtime"
"regenerator-transform@0.14.5","MIT","https://github.com/facebook/regenerator/tree/master/packages/regenerator-transform"
"regex-not@1.0.2","MIT","https://github.com/jonschlinkert/regex-not"
"regexpu-core@4.7.0","MIT","https://github.com/mathiasbynens/regexpu-core"
"regjsgen@0.5.2","MIT","https://github.com/bnjmnt4n/regjsgen"
"regjsparser@0.6.4","BSD-2-Clause","https://github.com/jviereck/regjsparser"
"remove-trailing-separator@1.1.0","ISC","https://github.com/darsain/remove-trailing-separator"
"repeat-element@1.1.3","MIT","https://github.com/jonschlinkert/repeat-element"
"repeat-string@1.6.1","MIT","https://github.com/jonschlinkert/repeat-string"
"request-promise-core@1.1.3","ISC","https://github.com/request/promise-core"
"request-promise-native@1.0.8","ISC","https://github.com/request/request-promise-native"
"request@2.88.2","Apache-2.0","https://github.com/request/request"
"require-directory@2.1.1","MIT","https://github.com/troygoode/node-require-directory"
"require-main-filename@2.0.0","ISC","https://github.com/yargs/require-main-filename"
"resolve-cwd@2.0.0","MIT","https://github.com/sindresorhus/resolve-cwd"
"resolve-dir@1.0.1","MIT","https://github.com/jonschlinkert/resolve-dir"
"resolve-from@3.0.0","MIT","https://github.com/sindresorhus/resolve-from"
"resolve-from@5.0.0","MIT","https://github.com/sindresorhus/resolve-from"
"resolve-url@0.2.1","MIT","https://github.com/lydell/resolve-url"
"resolve@1.1.7","MIT","https://github.com/substack/node-resolve"
"resolve@1.17.0","MIT","https://github.com/browserify/resolve"
"ret@0.1.15","MIT","https://github.com/fent/ret.js"
"rimraf@2.7.1","ISC","https://github.com/isaacs/rimraf"
"ripemd160@2.0.2","MIT","https://github.com/crypto-browserify/ripemd160"
"rsvp@4.8.5","MIT","https://github.com/tildeio/rsvp.js"
"run-queue@1.0.3","ISC","https://github.com/iarna/run-queue"
"safe-buffer@5.1.2","MIT","https://github.com/feross/safe-buffer"
"safe-buffer@5.2.1","MIT","https://github.com/feross/safe-buffer"
"safe-regex@1.1.0","MIT","https://github.com/substack/safe-regex"
"safer-buffer@2.1.2","MIT","https://github.com/ChALkeR/safer-buffer"
"sane@4.1.0","MIT","https://github.com/amasad/sane"
"sax@1.2.4","ISC","https://github.com/isaacs/sax-js"
"schema-utils@1.0.0","MIT","https://github.com/webpack-contrib/schema-utils"
"schema-utils@2.7.0","MIT","https://github.com/webpack/schema-utils"
"semver@5.7.1","ISC","https://github.com/npm/node-semver"
"semver@6.3.0","ISC","https://github.com/npm/node-semver"
"semver@7.0.0","ISC","https://github.com/npm/node-semver"
"serialize-javascript@3.1.0","BSD-3-Clause","https://github.com/yahoo/serialize-javascript"
"set-blocking@2.0.0","ISC","https://github.com/yargs/set-blocking"
"set-value@2.0.1","MIT","https://github.com/jonschlinkert/set-value"
"setimmediate@1.0.5","MIT","https://github.com/YuzuJS/setImmediate"
"sha.js@2.4.11","(MIT AND BSD-3-Clause)","https://github.com/crypto-browserify/sha.js"
"shebang-command@1.2.0","MIT","https://github.com/kevva/shebang-command"
"shebang-regex@1.0.0","MIT","https://github.com/sindresorhus/shebang-regex"
"shellwords@0.1.1","MIT","https://github.com/jimmycuadra/shellwords"
"signal-exit@3.0.3","ISC","https://github.com/tapjs/signal-exit"
"sisteransi@1.0.5","MIT","https://github.com/terkelg/sisteransi"
"slash@2.0.0","MIT","https://github.com/sindresorhus/slash"
"slash@3.0.0","MIT","https://github.com/sindresorhus/slash"
"snapdragon-node@2.1.1","MIT","https://github.com/jonschlinkert/snapdragon-node"
"snapdragon-util@3.0.1","MIT","https://github.com/jonschlinkert/snapdragon-util"
"snapdragon@0.8.2","MIT","https://github.com/jonschlinkert/snapdragon"
"source-list-map@2.0.1","MIT","https://github.com/webpack/source-list-map"
"source-map-resolve@0.5.3","MIT","https://github.com/lydell/source-map-resolve"
"source-map-support@0.5.19","MIT","https://github.com/evanw/node-source-map-support"
"source-map-url@0.4.0","MIT","https://github.com/lydell/source-map-url"
"source-map@0.5.7","BSD-3-Clause","https://github.com/mozilla/source-map"
"source-map@0.6.1","BSD-3-Clause","https://github.com/mozilla/source-map"
"spdx-correct@3.1.1","Apache-2.0","https://github.com/jslicense/spdx-correct.js"
"spdx-exceptions@2.3.0","CC-BY-3.0","https://github.com/kemitchell/spdx-exceptions.json"
"spdx-expression-parse@3.0.1","MIT","https://github.com/jslicense/spdx-expression-parse.js"
"spdx-license-ids@3.0.5","CC0-1.0","https://github.com/shinnn/spdx-license-ids"
"split-string@3.1.0","MIT","https://github.com/jonschlinkert/split-string"
"sprintf-js@1.0.3","BSD-3-Clause","https://github.com/alexei/sprintf.js"
"sshpk@1.16.1","MIT","https://github.com/joyent/node-sshpk"
"ssri@6.0.1","ISC","https://github.com/zkat/ssri"
"stack-utils@1.0.2","MIT","https://github.com/tapjs/stack-utils"
"static-extend@0.1.2","MIT","https://github.com/jonschlinkert/static-extend"
"stealthy-require@1.1.1","ISC","https://github.com/analog-nico/stealthy-require"
"stream-browserify@2.0.2","MIT","https://github.com/browserify/stream-browserify"
"stream-each@1.2.3","MIT","https://github.com/mafintosh/stream-each"
"stream-http@2.8.3","MIT","https://github.com/jhiesey/stream-http"
"stream-shift@1.0.1","MIT","https://github.com/mafintosh/stream-shift"
"string-length@2.0.0","MIT","https://github.com/sindresorhus/string-length"
"string-width@3.1.0","MIT","https://github.com/sindresorhus/string-width"
"string.prototype.trimend@1.0.1","MIT","https://github.com/es-shims/String.prototype.trimEnd"
"string.prototype.trimstart@1.0.1","MIT","https://github.com/es-shims/String.prototype.trimStart"
"string_decoder@1.1.1","MIT","https://github.com/nodejs/string_decoder"
"strip-ansi@4.0.0","MIT","https://github.com/chalk/strip-ansi"
"strip-ansi@5.2.0","MIT","https://github.com/chalk/strip-ansi"
"strip-bom@3.0.0","MIT","https://github.com/sindresorhus/strip-bom"
"strip-eof@1.0.0","MIT","https://github.com/sindresorhus/strip-eof"
"supports-color@5.5.0","MIT","https://github.com/chalk/supports-color"
"supports-color@6.1.0","MIT","https://github.com/chalk/supports-color"
"supports-color@7.1.0","MIT","https://github.com/chalk/supports-color"
"symbol-tree@3.2.4","MIT","https://github.com/jsdom/js-symbol-tree"
"tapable@1.1.3","MIT","https://github.com/webpack/tapable"
"terser-webpack-plugin@1.4.4","MIT","https://github.com/webpack-contrib/terser-webpack-plugin"
"terser@4.8.0","BSD-2-Clause","https://github.com/terser/terser"
"test-exclude@5.2.3","ISC","https://github.com/istanbuljs/istanbuljs"
"test-exclude@6.0.0","ISC","https://github.com/istanbuljs/test-exclude"
"throat@4.1.0","MIT","https://github.com/ForbesLindesay/throat"
"through2@2.0.5","MIT","https://github.com/rvagg/through2"
"timers-browserify@2.0.11","MIT","https://github.com/jryans/timers-browserify"
"tiny-warning@1.0.3","MIT","https://github.com/alexreardon/tiny-warning"
"tmpl@1.0.4","BSD-3-Clause","https://github.com/daaku/nodejs-tmpl"
"to-arraybuffer@1.0.1","MIT","https://github.com/jhiesey/to-arraybuffer"
"to-fast-properties@2.0.0","MIT","https://github.com/sindresorhus/to-fast-properties"
"to-object-path@0.3.0","MIT","https://github.com/jonschlinkert/to-object-path"
"to-regex-range@2.1.1","MIT","https://github.com/micromatch/to-regex-range"
"to-regex-range@5.0.1","MIT","https://github.com/micromatch/to-regex-range"
"to-regex@3.0.2","MIT","https://github.com/jonschlinkert/to-regex"
"tough-cookie@2.5.0","BSD-3-Clause","https://github.com/salesforce/tough-cookie"
"tr46@1.0.1","MIT","https://github.com/Sebmaster/tr46.js"
"tslib@1.13.0","0BSD","https://github.com/Microsoft/tslib"
"tty-browserify@0.0.0","MIT","https://github.com/substack/tty-browserify"
"tunnel-agent@0.6.0","Apache-2.0","https://github.com/mikeal/tunnel-agent"
"tweetnacl@0.14.5","Unlicense","https://github.com/dchest/tweetnacl-js"
"type-check@0.3.2","MIT","https://github.com/gkz/type-check"
"typedarray-to-buffer@3.1.5","MIT","https://github.com/feross/typedarray-to-buffer"
"typedarray@0.0.6","MIT","https://github.com/substack/typedarray"
"unicode-canonical-property-names-ecmascript@1.0.4","MIT","https://github.com/mathiasbynens/unicode-canonical-property-names-ecmascript"
"unicode-match-property-ecmascript@1.0.4","MIT","https://github.com/mathiasbynens/unicode-match-property-ecmascript"
"unicode-match-property-value-ecmascript@1.2.0","MIT","https://github.com/mathiasbynens/unicode-match-property-value-ecmascript"
"unicode-property-aliases-ecmascript@1.1.0","MIT","https://github.com/mathiasbynens/unicode-property-aliases-ecmascript"
"union-value@1.0.1","MIT","https://github.com/jonschlinkert/union-value"
"unique-filename@1.1.1","ISC","https://github.com/iarna/unique-filename"
"unique-slug@2.0.2","ISC","https://github.com/iarna/unique-slug"
"unset-value@1.0.0","MIT","https://github.com/jonschlinkert/unset-value"
"upath@1.2.0","MIT","https://github.com/anodynos/upath"
"uri-js@4.2.2","BSD-2-Clause","https://github.com/garycourt/uri-js"
"urix@0.1.0","MIT","https://github.com/lydell/urix"
"url-loader@3.0.0","MIT","https://github.com/webpack-contrib/url-loader"
"url@0.11.0","MIT","https://github.com/defunctzombie/node-url"
"use@3.1.1","MIT","https://github.com/jonschlinkert/use"
"util-deprecate@1.0.2","MIT","https://github.com/TooTallNate/util-deprecate"
"util.promisify@1.0.1","MIT","https://github.com/ljharb/util.promisify"
"util@0.10.3","MIT","https://github.com/defunctzombie/node-util"
"util@0.11.1","MIT","https://github.com/defunctzombie/node-util"
"uuid@3.4.0","MIT","https://github.com/uuidjs/uuid"
"v8-compile-cache@2.1.1","MIT","https://github.com/zertosh/v8-compile-cache"
"validate-npm-package-license@3.0.4","Apache-2.0","https://github.com/kemitchell/validate-npm-package-license.js"
"verror@1.10.0","MIT","https://github.com/davepacheco/node-verror"
"vm-browserify@1.1.2","MIT","https://github.com/substack/vm-browserify"
"w3c-hr-time@1.0.2","MIT","https://github.com/jsdom/w3c-hr-time"
"walker@1.0.7","Apache-2.0","https://github.com/daaku/nodejs-walker"
"watchpack-chokidar2@2.0.0","MIT","https://github.com/webpack/watchpack"
"watchpack@1.7.2","MIT","https://github.com/webpack/watchpack"
"webidl-conversions@4.0.2","BSD-2-Clause","https://github.com/jsdom/webidl-conversions"
"webpack-cli@3.3.12","MIT","https://github.com/webpack/webpack-cli"
"webpack-node-externals@1.7.2","MIT","https://github.com/liady/webpack-node-externals"
"webpack-sources@1.4.3","MIT","https://github.com/webpack/webpack-sources"
"webpack@4.43.0","MIT","https://github.com/webpack/webpack"
"whatwg-encoding@1.0.5","MIT","https://github.com/jsdom/whatwg-encoding"
"whatwg-mimetype@2.3.0","MIT","https://github.com/jsdom/whatwg-mimetype"
"whatwg-url@6.5.0","MIT","https://github.com/jsdom/whatwg-url"
"whatwg-url@7.1.0","MIT","https://github.com/jsdom/whatwg-url"
"which-module@2.0.0","ISC","https://github.com/nexdrew/which-module"
"which@1.3.1","ISC","https://github.com/isaacs/node-which"
"which@2.0.2","ISC","https://github.com/isaacs/node-which"
"word-wrap@1.2.3","MIT","https://github.com/jonschlinkert/word-wrap"
"worker-farm@1.7.0","MIT","https://github.com/rvagg/node-worker-farm"
"wrap-ansi@5.1.0","MIT","https://github.com/chalk/wrap-ansi"
"wrappy@1.0.2","ISC","https://github.com/npm/wrappy"
"write-file-atomic@2.4.1","ISC","https://github.com/iarna/write-file-atomic"
"write-file-atomic@3.0.3","ISC","https://github.com/npm/write-file-atomic"
"ws@5.2.2","MIT","https://github.com/websockets/ws"
"xml-name-validator@3.0.0","Apache-2.0","https://github.com/jsdom/xml-name-validator"
"xtend@4.0.2","MIT","https://github.com/Raynos/xtend"
"y18n@4.0.0","ISC","https://github.com/yargs/y18n"
"yallist@3.1.1","ISC","https://github.com/isaacs/yallist"
"yargs-parser@13.1.2","ISC","https://github.com/yargs/yargs-parser"
"yargs@13.3.2","MIT","https://github.com/yargs/yargs"
